Customer_ID,Customer_Name,Country_Code,KYC_Status,Customer_Type,Onboarding_Date,Risk_Rating,Is_Active
CUST_0001,Mary Williams,SG,Approved,Corporate,2023-09-08,Low,N
CUST_0002,Robert Hernandez,DE,Rejected,Retail,2022-07-04,Medium,Y
CUST_0003,Linda Miller,CH,Approved,SME,2021-07-11,Low,N
CUST_0004,John Brown,DE,Pending,SME,2021-09-16,Medium,Y
CUST_0005,Patricia Williams,JP,Approved,Retail,2021-11-12,Low,Y
CUST_0006,Robert Williams,CA,Pending,Corporate,2021-01-03,Low,Y
CUST_0007,James Williams,GB,Pending,Corporate,2021-03-11,High,Y
CUST_0008,Elizabeth Martinez,US,Approved,Retail,2024-05-06,Low,N
CUST_0009,William Davis,AU,Rejected,SME,2022-06-15,Medium,Y
CUST_0010,Mary Smith,FR,Approved,SME,2020-01-15,High,Y
CUST_0011,John Miller,MX,Approved,Corporate,2023-01-17,Low,Y
CUST_0012,Elizabeth Davis,HK,Approved,Retail,2020-12-28,High,Y
CUST_0013,James Rodriguez,DE,Pending,Retail,2023-07-17,Low,Y
CUST_0014,Elizabeth Martinez,CA,Approved,Retail,2021-02-27,Low,Y
CUST_0015,Linda Williams,XX,Approved,Corporate,2024-01-28,High,Y
CUST_0016,David Johnson,JP,Approved,SME,2021-09-10,Medium,Y
CUST_0017,John Miller,HK,Pending,Corporate,2023-04-07,Low,N
CUST_0018,Jennifer Davis,MX,Pending,SME,2021-07-15,Low,Y
CUST_0019,Linda Williams,FR,Approved,Retail,2021-07-17,Low,Y
CUST_0020,James Hernandez,GB,Approved,SME,2020-06-22,High,Y
CUST_0021,Linda Rodriguez,US,Approved,SME,2021-04-08,Low,N
CUST_0022,Barbara Smith,CH,Pending,Corporate,2020-07-28,Low,N
CUST_0023,Robert Davis,HK,Approved,Retail,2022-06-24,Low,Y
CUST_0024,Barbara Jones,CA,Approved,Corporate,2021-07-10,Low,Y
CUST_0025,David Rodriguez,HK,,Corporate,2023-10-16,High,Y
CUST_0026,Patricia Miller,FR,Approved,Retail,2020-12-21,High,N
CUST_0027,Barbara Davis,GB,Approved,SME,2021-12-01,Low,Y
CUST_0028,Robert Smith,AU,Approved,Retail,2024-05-10,Low,Y
CUST_0029,Mary Davis,JP,Approved,Corporate,2020-12-17,Medium,Y
CUST_0030,Robert Smith,XX,Rejected,Corporate,2024-01-04,Medium,N
CUST_0031,Jennifer Martinez,BR,Rejected,Retail,2024-01-20,Low,Y
CUST_0032,Linda Miller,US,Approved,Corporate,2021-06-02,Low,N
CUST_0033,David Hernandez,BR,Approved,SME,2020-11-08,Low,Y
CUST_0034,Barbara Davis,DE,Approved,Retail,2022-10-22,Low,Y
CUST_0035,Jennifer Rodriguez,HK,Rejected,Corporate,2022-01-05,High,Y
CUST_0036,Patricia Brown,DE,Pending,Corporate,2020-07-05,Medium,Y
CUST_0037,James Smith,CH,Approved,Corporate,2021-10-15,High,Y
CUST_0038,Michael Martinez,MX,Approved,Retail,2021-09-16,High,Y
CUST_0039,Linda Garcia,FR,Approved,SME,2023-03-14,High,Y
CUST_0040,Linda Brown,HK,Rejected,SME,2021-12-23,High,Y
CUST_0041,Robert Miller,HK,Approved,Corporate,2022-01-19,Low,N
CUST_0042,James Johnson,MX,Rejected,Corporate,2021-01-31,Low,Y
CUST_0043,David Martinez,US,Approved,Corporate,2025-01-13,Medium,Y
CUST_0044,Linda Garcia,HK,Rejected,Retail,2025-05-14,High,Y
CUST_0045,Patricia Garcia,XX,Rejected,Retail,2024-08-12,Low,Y
CUST_0046,Barbara Johnson,BR,Approved,Corporate,2021-01-31,Medium,Y
CUST_0047,Robert Davis,AU,Approved,Corporate,2024-05-11,High,Y
CUST_0048,David Martinez,MX,Approved,SME,2021-03-21,Low,Y
CUST_0049,William Brown,SG,Approved,Corporate,2023-11-13,High,Y
CUST_0050,Elizabeth Martinez,AU,,Corporate,2022-07-30,Low,Y
CUST_0051,Elizabeth Hernandez,AU,Pending,Corporate,2025-01-31,Low,Y
CUST_0052,Mary Johnson,HK,Approved,Corporate,2020-01-08,Medium,N
CUST_0053,Robert Davis,FR,Rejected,SME,2023-04-22,Low,Y
CUST_0054,William Williams,HK,Approved,Retail,2020-08-26,High,N
CUST_0055,William Smith,JP,Approved,SME,2025-02-01,High,N
CUST_0056,Barbara Williams,CA,Approved,Retail,2021-11-15,Medium,Y
CUST_0057,Robert Williams,JP,Approved,Retail,2021-02-09,Low,Y
CUST_0058,Michael Brown,HK,Rejected,SME,2025-02-04,High,N
CUST_0059,Elizabeth Johnson,US,Approved,Retail,2023-03-21,High,Y
CUST_0060,John Garcia,XX,Approved,Retail,2025-03-26,High,Y
CUST_0061,Barbara Brown,CH,Approved,SME,2021-05-24,High,Y
CUST_0062,Michael Garcia,CH,Approved,Retail,2024-05-17,Medium,Y
CUST_0063,Michael Miller,AU,Pending,Corporate,2020-12-09,High,Y
CUST_0064,James Williams,US,Pending,SME,2021-06-15,Medium,Y
CUST_0065,Linda Smith,CA,Approved,Corporate,2021-03-11,High,Y
CUST_0066,Mary Rodriguez,MX,Approved,Corporate,2022-01-16,Low,N
CUST_0067,James Smith,HK,Approved,Retail,2022-03-05,Low,Y
CUST_0068,Robert Miller,AU,Approved,Corporate,2024-12-13,High,Y
CUST_0069,David Williams,DE,Approved,SME,2021-01-19,High,Y
CUST_0070,David Johnson,SG,Approved,SME,2020-01-07,Low,Y
CUST_0071,James Smith,HK,Approved,SME,2022-11-13,Medium,Y
CUST_0072,John Miller,US,Approved,SME,2020-02-18,Medium,Y
CUST_0073,Linda Brown,BR,Pending,Corporate,2021-10-03,Low,Y
CUST_0074,James Martinez,HK,Rejected,Corporate,2022-05-18,Medium,N
CUST_0075,Elizabeth Martinez,XX,,SME,2024-07-28,Medium,Y
CUST_0076,Michael Jones,AU,Pending,Corporate,2020-11-30,High,Y
CUST_0077,Patricia Jones,GB,Rejected,SME,2021-08-13,Low,Y
CUST_0078,James Davis,SG,Rejected,Retail,2022-08-10,Medium,N
CUST_0079,Patricia Smith,SG,Approved,Retail,2022-11-09,Low,Y
CUST_0080,David Brown,JP,Approved,Retail,2021-03-26,Medium,Y
CUST_0081,William Rodriguez,AU,Pending,Retail,2023-03-17,Low,N
CUST_0082,Jennifer Johnson,JP,Approved,Corporate,2020-10-19,Low,Y
CUST_0083,David Hernandez,US,Rejected,SME,2023-05-08,Low,N
CUST_0084,Barbara Brown,US,Approved,SME,2020-09-16,Low,N
CUST_0085,Linda Martinez,US,Approved,Retail,2022-07-03,Low,Y
CUST_0086,Barbara Davis,US,Approved,Retail,2021-11-04,High,N
CUST_0087,Jennifer Miller,AU,Approved,Retail,2023-05-01,High,Y
CUST_0088,David Williams,MX,Approved,SME,2023-04-14,Low,Y
CUST_0089,Robert Hernandez,MX,Approved,Corporate,2021-10-27,Medium,N
CUST_0090,Patricia Davis,XX,Rejected,SME,2022-05-08,Low,N
CUST_0091,John Brown,JP,Rejected,Retail,2023-12-14,High,Y
CUST_0092,Barbara Smith,MX,Rejected,Retail,2020-11-25,Low,Y
CUST_0093,Barbara Davis,BR,Approved,Retail,2022-10-07,Low,N
CUST_0094,Linda Williams,US,Approved,Retail,2024-08-05,High,Y
CUST_0095,Mary Hernandez,US,Approved,Retail,2023-04-19,High,Y
CUST_0096,James Jones,MX,Approved,Corporate,2020-10-17,Low,Y
CUST_0097,David Martinez,US,Approved,Retail,2024-05-06,Low,Y
CUST_0098,Patricia Garcia,JP,Approved,SME,2023-07-24,Low,Y
CUST_0099,Mary Brown,US,Rejected,Retail,2023-06-30,Medium,Y
CUST_0100,Robert Hernandez,AU,,Retail,2021-11-25,Low,Y
CUST_0101,Mary Rodriguez,FR,Rejected,Corporate,2022-07-23,Low,Y
CUST_0102,Michael Miller,GB,Rejected,Corporate,2020-08-15,High,Y
CUST_0103,David Hernandez,DE,Rejected,Retail,2020-10-26,Low,Y
CUST_0104,Mary Hernandez,CH,Rejected,Corporate,2021-02-19,High,Y
CUST_0105,William Davis,XX,Rejected,Corporate,2023-07-13,High,Y
CUST_0106,David Jones,SG,Rejected,Corporate,2025-04-14,Low,Y
CUST_0107,Linda Brown,GB,Rejected,SME,2023-07-07,High,Y
CUST_0108,Jennifer Rodriguez,FR,Approved,Retail,2024-05-25,High,Y
CUST_0109,Jennifer Williams,HK,Approved,Retail,2020-07-07,Low,Y
CUST_0110,Barbara Martinez,FR,Approved,Corporate,2023-04-26,Low,Y
CUST_0111,Jennifer Brown,JP,Approved,Retail,2023-12-27,High,N
CUST_0112,Michael Jones,US,Approved,SME,2024-09-08,High,Y
CUST_0113,Robert Martinez,FR,Rejected,Corporate,2022-04-26,High,N
CUST_0114,Linda Hernandez,FR,Rejected,Retail,2020-05-06,Medium,N
CUST_0115,Jennifer Davis,DE,Approved,Corporate,2020-03-14,Low,Y
CUST_0116,James Garcia,AU,Rejected,Retail,2021-04-20,Low,Y
CUST_0117,Patricia Rodriguez,GB,Approved,Corporate,2024-05-11,High,Y
CUST_0118,Jennifer Williams,CH,Approved,Retail,2020-08-31,Low,Y
CUST_0119,James Davis,BR,Approved,Retail,2022-12-28,High,N
CUST_0120,Linda Rodriguez,XX,Pending,SME,2023-10-21,High,Y
CUST_0121,Michael Williams,AU,Rejected,Retail,2024-07-20,Medium,Y
CUST_0122,Robert Davis,JP,Pending,Corporate,2021-12-04,High,Y
CUST_0123,Elizabeth Davis,US,Approved,Retail,2024-04-27,Low,Y
CUST_0124,Jennifer Miller,HK,Approved,Retail,2023-06-25,Low,Y
CUST_0125,William Davis,CA,,Retail,2025-06-11,Low,Y
CUST_0126,Elizabeth Brown,HK,Approved,Retail,2025-01-14,Low,Y
CUST_0127,Linda Smith,BR,Approved,Corporate,2022-09-29,High,N
CUST_0128,Patricia Brown,DE,Approved,Corporate,2021-04-16,Medium,Y
CUST_0129,Jennifer Smith,BR,Approved,SME,2022-04-26,Low,N
CUST_0130,Barbara Williams,CA,Approved,Corporate,2021-03-14,Low,Y
CUST_0131,John Brown,MX,Pending,Corporate,2023-02-20,Low,Y
CUST_0132,Barbara Davis,CH,Rejected,Retail,2022-10-05,Medium,N
CUST_0133,Mary Martinez,AU,Approved,Retail,2021-07-15,High,N
CUST_0134,John Martinez,GB,Approved,Retail,2021-05-24,High,Y
CUST_0135,Jennifer Johnson,XX,Approved,Retail,2022-04-08,Medium,Y
CUST_0136,William Williams,MX,Approved,Corporate,2020-02-14,Low,Y
CUST_0137,Mary Brown,US,Approved,Corporate,2025-01-19,High,Y
CUST_0138,Michael Smith,CA,Pending,SME,2023-05-23,Low,Y
CUST_0139,Robert Davis,JP,Approved,Retail,2023-03-24,High,Y
CUST_0140,David Davis,AU,Approved,Retail,2025-01-25,Low,Y
CUST_0141,John Hernandez,CH,Rejected,Retail,2020-05-12,Low,Y
CUST_0142,William Williams,SG,Approved,Corporate,2020-06-12,Low,Y
CUST_0143,Jennifer Hernandez,AU,Approved,Corporate,2023-01-24,High,Y
CUST_0144,Barbara Smith,FR,Approved,Corporate,2025-03-25,High,Y
CUST_0145,James Hernandez,GB,Approved,SME,2020-02-10,Low,Y
CUST_0146,Elizabeth Miller,BR,Approved,Retail,2020-05-02,Low,Y
CUST_0147,Linda Garcia,AU,Approved,Corporate,2024-01-30,Low,Y
CUST_0148,Linda Jones,SG,Approved,Retail,2023-07-02,Low,Y
CUST_0149,Barbara Brown,MX,Approved,Retail,2022-04-26,High,Y
CUST_0150,Robert Martinez,XX,,Retail,2020-04-02,Low,N
CUST_0151,James Garcia,MX,Approved,Corporate,2021-04-08,Low,Y
CUST_0152,Barbara Hernandez,GB,Approved,Retail,2022-02-10,Low,Y
CUST_0153,Jennifer Hernandez,US,Approved,Retail,2024-10-02,Medium,Y
CUST_0154,Linda Rodriguez,SG,Pending,Retail,2020-03-20,Low,N
CUST_0155,Elizabeth Williams,FR,Pending,Retail,2021-05-08,Low,Y
CUST_0156,John Williams,CA,Approved,Retail,2022-03-12,Low,N
CUST_0157,James Rodriguez,GB,Rejected,SME,2021-10-15,High,Y
CUST_0158,Michael Jones,DE,Rejected,Retail,2021-11-10,Low,N
CUST_0159,William Jones,GB,Pending,SME,2022-09-15,Low,Y
CUST_0160,David Jones,US,Approved,Retail,2021-01-13,Low,N
CUST_0161,James Martinez,CH,Approved,Corporate,2023-07-30,High,N
CUST_0162,Mary Garcia,MX,Pending,Corporate,2021-04-19,Low,Y
CUST_0163,David Johnson,MX,Pending,Retail,2020-11-16,Low,Y
CUST_0164,Robert Martinez,MX,Approved,Retail,2023-10-26,Low,Y
CUST_0165,James Brown,XX,Approved,Retail,2025-05-16,High,N
CUST_0166,Elizabeth Davis,DE,Approved,Retail,2021-11-30,High,N
CUST_0167,Linda Johnson,CH,Approved,SME,2023-01-12,High,Y
CUST_0168,Mary Williams,SG,Approved,Retail,2021-02-13,Low,Y
CUST_0169,James Miller,HK,Approved,Corporate,2024-04-29,Medium,Y
CUST_0170,Patricia Miller,BR,Rejected,SME,2023-07-12,Low,Y
CUST_0171,Mary Garcia,JP,Rejected,Retail,2020-03-27,Medium,Y
CUST_0172,Robert Smith,SG,Approved,Corporate,2024-01-27,High,Y
CUST_0173,Elizabeth Jones,DE,Approved,Corporate,2023-11-17,Low,Y
CUST_0174,John Hernandez,MX,Rejected,SME,2025-01-10,Medium,Y
CUST_0175,Barbara Davis,GB,,SME,2024-12-25,High,N
CUST_0176,Elizabeth Brown,JP,Approved,Corporate,2021-11-06,Low,Y
CUST_0177,Jennifer Johnson,MX,Rejected,Retail,2024-06-15,Medium,N
CUST_0178,Mary Smith,DE,Approved,Retail,2025-03-20,Medium,N
CUST_0179,Mary Hernandez,CH,Approved,Retail,2020-10-11,Low,N
CUST_0180,Mary Williams,XX,Approved,Retail,2023-12-26,Medium,Y
CUST_0181,David Hernandez,JP,Approved,SME,2021-01-13,Medium,Y
CUST_0182,James Johnson,SG,Rejected,Retail,2022-06-26,Low,Y
CUST_0183,Michael Martinez,AU,Pending,Retail,2025-03-25,Low,N
CUST_0184,Michael Rodriguez,CA,Rejected,Retail,2023-09-02,Low,Y
CUST_0185,Barbara Rodriguez,AU,Approved,SME,2022-09-17,Low,N
CUST_0186,John Miller,BR,Pending,Retail,2021-01-31,High,Y
CUST_0187,Michael Davis,US,Pending,Corporate,2020-08-10,Low,Y
CUST_0188,James Williams,AU,Rejected,Retail,2020-09-02,Medium,Y
CUST_0189,James Hernandez,SG,Pending,SME,2021-01-28,Medium,Y
CUST_0190,Linda Johnson,AU,Approved,Corporate,2021-03-30,Low,Y
CUST_0191,Jennifer Miller,AU,Pending,Retail,2020-01-02,Medium,Y
CUST_0192,Jennifer Jones,FR,Approved,Corporate,2020-01-12,Medium,Y
CUST_0193,Robert Johnson,GB,Rejected,Corporate,2023-05-14,Medium,Y
CUST_0194,John Johnson,JP,Rejected,Corporate,2023-03-17,High,Y
CUST_0195,Barbara Martinez,XX,Approved,Retail,2024-09-28,Medium,Y
CUST_0196,Barbara Garcia,DE,Rejected,Corporate,2024-03-19,Low,Y
CUST_0197,Mary Jones,CA,Approved,Retail,2024-07-23,Low,Y
CUST_0198,Michael Rodriguez,DE,Approved,Retail,2024-07-08,Low,Y
CUST_0199,Mary Brown,US,Rejected,Retail,2024-10-27,Low,Y
CUST_0200,Barbara Hernandez,DE,,Corporate,2020-05-26,Medium,N
CUST_0201,Linda Martinez,CA,Approved,SME,2021-08-05,Low,Y
CUST_0202,William Smith,CH,Approved,SME,2021-08-01,Low,Y
CUST_0203,James Jones,BR,Approved,Corporate,2021-04-29,High,Y
CUST_0204,Linda Rodriguez,AU,Approved,SME,2024-10-09,Low,Y
CUST_0205,William Jones,GB,Approved,SME,2020-09-19,Medium,Y
CUST_0206,William Rodriguez,CA,Approved,Corporate,2024-09-14,High,Y
CUST_0207,David Martinez,BR,Approved,Retail,2022-07-11,Low,Y
CUST_0208,Jennifer Davis,US,Rejected,Retail,2020-08-16,High,Y
CUST_0209,Jennifer Hernandez,HK,Pending,Retail,2021-03-29,Low,N
CUST_0210,Patricia Miller,XX,Pending,Corporate,2022-01-18,Medium,Y
CUST_0211,Robert Brown,US,Approved,Retail,2025-03-01,High,N
CUST_0212,Mary Smith,JP,Approved,Corporate,2022-02-19,Low,Y
CUST_0213,William Garcia,CH,Approved,Corporate,2021-01-27,Medium,Y
CUST_0214,John Garcia,FR,Approved,Retail,2021-04-29,High,N
CUST_0215,Linda Martinez,CA,Approved,Corporate,2023-01-18,Low,N
CUST_0216,Linda Hernandez,SG,Rejected,Corporate,2024-10-16,Low,N
CUST_0217,Michael Williams,US,Approved,Retail,2024-06-13,Low,Y
CUST_0218,Michael Miller,GB,Approved,Retail,2020-07-25,Medium,N
CUST_0219,William Garcia,CH,Pending,Retail,2023-11-15,Low,Y
CUST_0220,John Brown,MX,Approved,Retail,2025-03-18,High,Y
CUST_0221,John Davis,SG,Approved,Corporate,2025-03-24,High,Y
CUST_0222,Patricia Jones,GB,Pending,Retail,2020-02-23,High,Y
CUST_0223,Jennifer Martinez,US,Pending,Retail,2022-05-07,Low,Y
CUST_0224,Robert Garcia,CA,Approved,SME,2023-04-26,Low,Y
CUST_0225,Robert Williams,XX,,SME,2023-02-20,High,Y
CUST_0226,David Jones,DE,Approved,Retail,2020-11-22,Medium,N
CUST_0227,John Hernandez,DE,Approved,Retail,2020-11-08,Medium,N
CUST_0228,William Miller,SG,Approved,SME,2021-05-25,Low,Y
CUST_0229,James Martinez,HK,Approved,SME,2023-02-28,Low,N
CUST_0230,Linda Garcia,BR,Approved,Retail,2024-12-22,High,Y
CUST_0231,Elizabeth Jones,US,Approved,SME,2024-08-01,High,Y
CUST_0232,Robert Williams,FR,Pending,Corporate,2023-12-05,Medium,Y
CUST_0233,James Johnson,US,Pending,Retail,2024-06-24,Low,Y
CUST_0234,Linda Miller,GB,Approved,Retail,2022-04-25,High,Y
CUST_0235,Barbara Miller,SG,Approved,SME,2025-04-14,Medium,Y
CUST_0236,Mary Rodriguez,CH,Approved,SME,2020-11-17,Low,Y
CUST_0237,Barbara Davis,GB,Pending,Corporate,2024-03-18,High,N
CUST_0238,Michael Brown,CA,Approved,Retail,2023-02-03,Medium,N
CUST_0239,Linda Garcia,US,Approved,Retail,2022-08-11,High,Y
CUST_0240,Linda Martinez,XX,Pending,Retail,2024-10-16,High,Y
CUST_0241,David Smith,BR,Pending,Retail,2023-08-14,Low,Y
CUST_0242,Barbara Hernandez,CH,Approved,Corporate,2023-03-22,Low,Y
CUST_0243,John Hernandez,CH,Rejected,Corporate,2021-12-21,High,Y
CUST_0244,Elizabeth Johnson,US,Approved,SME,2022-01-12,Low,Y
CUST_0245,Robert Hernandez,US,Rejected,Retail,2022-08-28,Medium,Y
CUST_0246,David Davis,FR,Approved,Retail,2020-05-26,High,Y
CUST_0247,Michael Rodriguez,HK,Pending,Retail,2024-07-15,Low,Y
CUST_0248,William Davis,US,Approved,Retail,2024-10-09,High,N
CUST_0249,Patricia Brown,HK,Pending,Retail,2025-02-01,High,Y
CUST_0250,Elizabeth Johnson,SG,,Retail,2023-03-11,Medium,N
CUST_0251,Michael Garcia,US,Approved,Corporate,2020-03-29,Low,Y
CUST_0252,William Davis,SG,Approved,SME,2024-03-28,Low,Y
CUST_0253,Robert Williams,HK,Approved,SME,2022-08-07,Low,Y
CUST_0254,Robert Garcia,DE,Approved,Retail,2021-10-30,Low,N
CUST_0255,Michael Smith,XX,Pending,Retail,2020-06-14,High,N
CUST_0256,Michael Rodriguez,GB,Approved,Retail,2024-10-06,Low,N
CUST_0257,David Miller,HK,Approved,SME,2020-11-28,Low,N
CUST_0258,James Brown,BR,Approved,Retail,2024-09-11,Low,Y
CUST_0259,Patricia Miller,MX,Approved,Retail,2022-07-22,High,Y
CUST_0260,Patricia Miller,BR,Rejected,Retail,2023-09-23,High,Y
CUST_0261,Patricia Jones,HK,Approved,Retail,2022-06-26,Medium,Y
CUST_0262,William Davis,CH,Approved,Corporate,2021-04-22,High,Y
CUST_0263,William Jones,DE,Approved,Retail,2024-01-20,Medium,N
CUST_0264,Mary Jones,GB,Approved,Retail,2022-06-18,Medium,Y
CUST_0265,Mary Williams,MX,Approved,Retail,2022-12-05,Low,Y
CUST_0266,Barbara Martinez,SG,Pending,SME,2025-01-17,Low,N
CUST_0267,James Hernandez,BR,Approved,Retail,2020-10-29,Medium,Y
CUST_0268,David Davis,JP,Pending,Retail,2023-06-24,Low,Y
CUST_0269,Mary Williams,JP,Pending,Corporate,2023-01-16,Medium,Y
CUST_0270,Patricia Johnson,XX,Approved,Corporate,2022-04-29,Medium,Y
CUST_0271,William Hernandez,US,Rejected,Retail,2023-05-30,Low,Y
CUST_0272,William Martinez,HK,Approved,Corporate,2024-01-09,Low,Y
CUST_0273,David Jones,AU,Pending,Retail,2020-02-09,High,Y
CUST_0274,William Martinez,CA,Pending,Corporate,2024-02-04,Low,Y
CUST_0275,David Brown,MX,,Retail,2023-10-15,Medium,N
CUST_0276,James Garcia,BR,Approved,SME,2022-08-13,Low,Y
CUST_0277,John Hernandez,BR,Approved,SME,2020-01-24,Medium,Y
CUST_0278,Linda Williams,CA,Approved,Corporate,2022-12-29,Low,Y
CUST_0279,Patricia Rodriguez,HK,Rejected,Corporate,2025-02-17,Low,Y
CUST_0280,Barbara Hernandez,AU,Approved,Retail,2023-02-17,Low,N
CUST_0281,Elizabeth Smith,BR,Approved,Retail,2023-03-25,Low,Y
CUST_0282,James Williams,JP,Approved,Corporate,2024-02-20,Low,N
CUST_0283,Mary Jones,MX,Approved,Retail,2023-08-30,Low,Y
CUST_0284,William Garcia,CA,Rejected,Retail,2024-05-18,Low,Y
CUST_0285,Elizabeth Martinez,XX,Pending,Retail,2024-11-12,Medium,Y
CUST_0286,Elizabeth Rodriguez,GB,Approved,Retail,2022-12-29,Low,Y
CUST_0287,Robert Rodriguez,GB,Approved,SME,2023-09-16,High,Y
CUST_0288,Mary Williams,CH,Approved,Retail,2021-03-11,Low,Y
CUST_0289,John Johnson,FR,Rejected,Retail,2024-10-12,Medium,Y
CUST_0290,William Garcia,DE,Approved,Retail,2024-06-24,Medium,Y
CUST_0291,Elizabeth Williams,CA,Pending,Retail,2021-09-03,Low,Y
CUST_0292,David Miller,DE,Rejected,Retail,2025-01-05,Medium,Y
CUST_0293,Mary Garcia,CH,Rejected,Corporate,2025-05-20,Low,Y
CUST_0294,Elizabeth Williams,JP,Approved,Retail,2020-02-18,High,Y
CUST_0295,Jennifer Garcia,JP,Approved,Corporate,2024-07-26,Low,Y
CUST_0296,William Jones,MX,Approved,Retail,2024-05-07,High,Y
CUST_0297,William Jones,MX,Approved,Retail,2020-02-23,High,Y
CUST_0298,James Miller,SG,Approved,Corporate,2021-10-14,Low,Y
CUST_0299,Linda Smith,GB,Approved,Corporate,2021-05-06,Low,Y
CUST_0300,Barbara Smith,XX,,SME,2024-02-19,Low,Y
CUST_0301,Barbara Garcia,GB,Rejected,Corporate,2023-02-28,High,Y
CUST_0302,Michael Williams,MX,Pending,Retail,2025-03-22,Low,Y
CUST_0303,Robert Miller,HK,Approved,Corporate,2022-11-19,Medium,N
CUST_0304,Mary Brown,CA,Pending,Corporate,2020-10-14,Low,N
CUST_0305,Patricia Davis,AU,Approved,Corporate,2023-10-28,High,N
CUST_0306,Jennifer Hernandez,AU,Approved,Corporate,2020-01-21,High,N
CUST_0307,Mary Jones,HK,Approved,Retail,2020-07-19,High,N
CUST_0308,Patricia Miller,GB,Pending,Retail,2020-08-10,High,Y
CUST_0309,William Williams,CH,Rejected,Corporate,2021-07-23,Low,Y
CUST_0310,Mary Hernandez,HK,Approved,SME,2021-03-03,Low,Y
CUST_0311,David Smith,DE,Approved,Retail,2024-04-05,Low,Y
CUST_0312,Barbara Davis,GB,Approved,Retail,2022-11-29,Medium,N
CUST_0313,Mary Johnson,SG,Approved,SME,2022-03-21,High,Y
CUST_0314,Michael Miller,AU,Approved,Retail,2022-07-02,Low,N
CUST_0315,John Smith,XX,Approved,Retail,2022-12-03,High,Y
CUST_0316,Patricia Williams,HK,Approved,Retail,2023-11-08,Low,N
CUST_0317,William Hernandez,US,Approved,SME,2020-05-01,Medium,N
CUST_0318,Robert Rodriguez,DE,Approved,Retail,2023-12-16,Medium,Y
CUST_0319,Linda Williams,US,Pending,Retail,2025-04-11,High,N
CUST_0320,Jennifer Johnson,DE,Approved,SME,2022-10-10,High,Y
CUST_0321,David Rodriguez,DE,Rejected,Retail,2022-12-25,Low,Y
CUST_0322,Linda Martinez,CH,Approved,Retail,2025-01-10,Medium,Y
CUST_0323,William Martinez,CA,Approved,Corporate,2023-03-24,High,Y
CUST_0324,Jennifer Brown,BR,Rejected,SME,2023-10-07,Medium,N
CUST_0325,Barbara Smith,GB,,Retail,2025-02-07,Low,Y
CUST_0326,Linda Miller,CA,Approved,Retail,2023-10-15,Medium,N
CUST_0327,James Hernandez,JP,Approved,Retail,2023-04-07,Low,Y
CUST_0328,Barbara Jones,FR,Approved,SME,2020-01-09,Medium,Y
CUST_0329,Robert Jones,US,Pending,Retail,2020-06-23,Low,Y
CUST_0330,Mary Miller,XX,Approved,SME,2020-05-03,Low,Y
CUST_0331,Linda Rodriguez,FR,Approved,Retail,2021-01-25,Medium,Y
CUST_0332,Barbara Hernandez,DE,Approved,SME,2024-04-26,Low,Y
CUST_0333,Mary Jones,HK,Approved,Retail,2024-04-05,Low,Y
CUST_0334,Linda Martinez,DE,Pending,Retail,2022-11-16,Medium,Y
CUST_0335,David Smith,GB,Pending,Retail,2021-02-26,Low,Y
CUST_0336,Jennifer Davis,US,Approved,Corporate,2021-01-24,High,Y
CUST_0337,John Garcia,US,Approved,Retail,2022-02-26,Medium,Y
CUST_0338,Elizabeth Davis,JP,Approved,Corporate,2020-03-05,Low,Y
CUST_0339,James Johnson,CA,Rejected,Retail,2020-05-09,Low,N
CUST_0340,Mary Rodriguez,SG,Approved,Retail,2024-11-04,Low,Y
CUST_0341,Patricia Rodriguez,SG,Approved,Retail,2024-02-25,Low,Y
CUST_0342,Patricia Jones,US,Approved,Retail,2024-04-17,Low,N
CUST_0343,John Brown,BR,Rejected,Retail,2020-08-01,Low,Y
CUST_0344,John Jones,CH,Pending,Retail,2021-04-26,High,Y
CUST_0345,David Rodriguez,XX,Approved,Corporate,2024-03-07,Medium,Y
CUST_0346,Elizabeth Brown,BR,Approved,Corporate,2024-01-11,High,N
CUST_0347,John Davis,BR,Pending,Corporate,2022-06-13,Low,Y
CUST_0348,Barbara Martinez,CA,Approved,Corporate,2022-06-04,Medium,N
CUST_0349,Michael Garcia,FR,Approved,Retail,2023-10-25,High,Y
CUST_0350,Jennifer Johnson,HK,,Retail,2021-05-26,Medium,Y
CUST_0351,Jennifer Brown,MX,Approved,Retail,2021-08-14,Low,Y
CUST_0352,Patricia Davis,US,Rejected,Corporate,2020-03-01,High,Y
CUST_0353,Linda Miller,AU,Approved,Retail,2020-06-03,Low,N
CUST_0354,Linda Jones,GB,Approved,Retail,2021-05-13,Low,Y
CUST_0355,Elizabeth Brown,DE,Approved,Corporate,2020-07-01,High,Y
CUST_0356,Patricia Martinez,CH,Approved,SME,2024-07-06,Low,Y
CUST_0357,James Garcia,US,Pending,Retail,2024-04-24,Low,N
CUST_0358,James Rodriguez,JP,Approved,SME,2022-04-19,High,Y
CUST_0359,Barbara Martinez,CA,Approved,Retail,2022-08-01,Low,Y
CUST_0360,Robert Martinez,XX,Rejected,Retail,2022-07-01,High,Y
CUST_0361,Linda Williams,CA,Approved,Retail,2021-06-06,Low,Y
CUST_0362,Patricia Miller,US,Pending,Corporate,2021-05-14,Medium,Y
CUST_0363,Elizabeth Brown,DE,Rejected,Retail,2023-11-18,High,Y
CUST_0364,Linda Brown,MX,Approved,Retail,2022-06-08,Low,Y
CUST_0365,Linda Brown,CH,Pending,Retail,2021-09-16,Medium,Y
CUST_0366,Robert Brown,SG,Rejected,SME,2023-07-17,High,Y
CUST_0367,Elizabeth Johnson,AU,Approved,Retail,2021-06-20,High,Y
CUST_0368,Jennifer Brown,MX,Approved,SME,2024-04-02,High,Y
CUST_0369,Michael Hernandez,JP,Approved,SME,2024-03-23,Low,Y
CUST_0370,Mary Williams,DE,Approved,Retail,2023-03-21,Low,Y
CUST_0371,Patricia Garcia,HK,Approved,SME,2020-10-02,High,Y
CUST_0372,William Johnson,CH,Rejected,Retail,2021-09-30,High,Y
CUST_0373,Linda Rodriguez,BR,Rejected,SME,2025-04-12,High,Y
CUST_0374,Mary Jones,AU,Approved,Retail,2020-05-15,Medium,Y
CUST_0375,James Smith,XX,,Retail,2024-07-23,Medium,Y
CUST_0376,Barbara Brown,MX,Approved,Corporate,2021-04-24,Low,N
CUST_0377,Elizabeth Williams,DE,Pending,Retail,2020-03-05,Medium,Y
CUST_0378,Elizabeth Hernandez,US,Rejected,SME,2024-11-10,High,N
CUST_0379,Patricia Smith,CH,Approved,Retail,2020-05-21,Medium,N
CUST_0380,Elizabeth Williams,MX,Rejected,SME,2022-12-25,Low,Y
CUST_0381,James Johnson,SG,Approved,SME,2025-02-27,High,N
CUST_0382,John Garcia,MX,Approved,Retail,2021-01-10,Medium,Y
CUST_0383,James Davis,AU,Approved,SME,2023-09-01,High,N
CUST_0384,David Jones,MX,Pending,Retail,2024-06-30,Low,Y
CUST_0385,Linda Williams,BR,Rejected,Retail,2024-10-18,Low,Y
CUST_0386,Michael Smith,CA,Approved,SME,2022-04-26,High,Y
CUST_0387,Patricia Smith,DE,Pending,SME,2024-09-19,Medium,Y
CUST_0388,Linda Smith,CA,Approved,SME,2023-12-14,Low,Y
CUST_0389,Linda Johnson,CH,Pending,Retail,2025-01-06,High,N
CUST_0390,David Williams,XX,Rejected,SME,2022-09-25,Medium,Y
CUST_0391,James Hernandez,CA,Approved,Retail,2021-09-05,Low,N
CUST_0392,Robert Garcia,CA,Pending,SME,2021-07-05,Low,Y
CUST_0393,Linda Smith,HK,Approved,Retail,2021-08-15,High,Y
CUST_0394,Michael Hernandez,GB,Pending,Retail,2024-07-11,Low,Y
CUST_0395,Jennifer Rodriguez,JP,Rejected,Corporate,2025-04-15,Low,Y
CUST_0396,Mary Johnson,DE,Pending,SME,2024-12-18,Low,N
CUST_0397,James Smith,SG,Rejected,Retail,2020-01-13,Medium,N
CUST_0398,Elizabeth Johnson,CH,Approved,Corporate,2020-10-17,Low,N
CUST_0399,Patricia Davis,MX,Approved,Retail,2022-06-01,Medium,Y
CUST_0400,Michael Smith,FR,,Retail,2022-03-26,Low,Y
CUST_0401,Linda Brown,US,Approved,Corporate,2020-07-08,Low,Y
CUST_0402,Linda Davis,HK,Approved,Retail,2024-12-30,Low,Y
CUST_0403,Robert Smith,DE,Approved,Corporate,2025-03-06,High,Y
CUST_0404,David Smith,BR,Pending,SME,2025-04-29,Low,N
CUST_0405,Michael Williams,XX,Approved,Retail,2021-06-30,High,Y
CUST_0406,Elizabeth Johnson,MX,Pending,Corporate,2024-01-26,Low,N
CUST_0407,Elizabeth Williams,FR,Pending,Retail,2022-01-15,Low,Y
CUST_0408,Linda Davis,HK,Approved,SME,2022-09-17,Low,N
CUST_0409,David Garcia,CH,Approved,Corporate,2023-10-01,Low,Y
CUST_0410,John Brown,CA,Pending,Corporate,2024-03-19,Low,Y
CUST_0411,Michael Johnson,JP,Approved,Corporate,2022-04-13,High,Y
CUST_0412,Jennifer Rodriguez,DE,Rejected,Corporate,2021-11-22,Low,Y
CUST_0413,David Hernandez,US,Approved,SME,2022-10-09,High,Y
CUST_0414,James Hernandez,SG,Approved,SME,2025-02-17,Low,N
CUST_0415,John Garcia,GB,Approved,Corporate,2023-02-15,Low,Y
CUST_0416,Michael Jones,CH,Pending,SME,2023-07-21,Low,Y
CUST_0417,John Davis,JP,Pending,Retail,2021-04-12,Low,N
CUST_0418,Mary Johnson,JP,Approved,SME,2024-02-20,Low,Y
CUST_0419,James Johnson,MX,Rejected,SME,2021-03-31,High,Y
CUST_0420,Patricia Brown,XX,Pending,Retail,2022-03-24,Medium,Y
CUST_0421,Jennifer Johnson,FR,Approved,Retail,2024-01-22,High,Y
CUST_0422,David Brown,SG,Approved,Corporate,2024-11-14,Low,Y
CUST_0423,Barbara Williams,FR,Approved,SME,2024-08-13,Low,Y
CUST_0424,John Smith,FR,Approved,Corporate,2021-07-20,Low,Y
CUST_0425,Michael Smith,FR,,Corporate,2020-10-28,High,N
CUST_0426,Elizabeth Martinez,JP,Approved,SME,2025-04-14,Medium,Y
CUST_0427,John Jones,MX,Rejected,Corporate,2023-09-02,High,Y
CUST_0428,Jennifer Rodriguez,MX,Rejected,Retail,2021-09-20,Medium,Y
CUST_0429,James Miller,JP,Approved,Retail,2020-09-18,High,N
CUST_0430,John Hernandez,MX,Approved,SME,2020-08-04,Low,N
CUST_0431,William Hernandez,BR,Approved,Retail,2022-10-09,Medium,Y
CUST_0432,Michael Rodriguez,JP,Approved,Retail,2022-04-19,High,N
CUST_0433,John Williams,BR,Approved,SME,2023-07-16,Low,Y
CUST_0434,David Williams,CH,Approved,Retail,2024-01-02,Low,N
CUST_0435,Mary Jones,XX,Approved,Retail,2021-05-31,High,Y
CUST_0436,Robert Martinez,JP,Approved,SME,2022-03-03,Low,N
CUST_0437,Elizabeth Johnson,MX,Approved,Retail,2022-02-17,Low,Y
CUST_0438,Jennifer Garcia,MX,Rejected,Corporate,2021-01-25,Low,Y
CUST_0439,Jennifer Hernandez,DE,Approved,Corporate,2020-04-05,Medium,Y
CUST_0440,John Miller,BR,Pending,Retail,2021-04-01,High,Y
CUST_0441,Robert Garcia,FR,Rejected,Retail,2024-05-14,Medium,Y
CUST_0442,Robert Smith,SG,Rejected,SME,2021-06-28,Low,N
CUST_0443,Michael Hernandez,GB,Approved,SME,2020-03-02,Low,Y
CUST_0444,Michael Rodriguez,JP,Approved,Corporate,2024-07-16,Low,Y
CUST_0445,Jennifer Martinez,CH,Rejected,SME,2021-11-10,High,N
CUST_0446,Linda Davis,HK,Approved,Corporate,2023-01-11,Low,Y
CUST_0447,Mary Garcia,US,Approved,Corporate,2022-04-30,Medium,Y
CUST_0448,Michael Davis,US,Approved,SME,2021-10-15,Low,N
CUST_0449,James Hernandez,DE,Approved,Retail,2021-01-19,Low,Y
CUST_0450,Linda Jones,XX,,Corporate,2022-09-08,Low,Y
CUST_0451,William Martinez,JP,Rejected,SME,2024-02-28,Low,Y
CUST_0452,Patricia Williams,CA,Pending,Retail,2021-11-14,Low,Y
CUST_0453,Robert Davis,GB,Approved,SME,2022-12-01,Medium,Y
CUST_0454,James Brown,GB,Rejected,Retail,2023-07-31,Medium,N
CUST_0455,Mary Garcia,CA,Rejected,Retail,2025-03-19,Medium,Y
CUST_0456,Michael Rodriguez,DE,Rejected,SME,2021-10-18,Medium,N
CUST_0457,James Garcia,SG,Approved,Retail,2021-10-06,Low,N
CUST_0458,Mary Hernandez,AU,Approved,Retail,2020-10-15,Low,Y
CUST_0459,Jennifer Miller,BR,Approved,Retail,2022-07-04,Low,Y
CUST_0460,Elizabeth Rodriguez,HK,Approved,Retail,2021-10-01,High,Y
CUST_0461,Barbara Garcia,AU,Approved,Retail,2021-02-21,Medium,Y
CUST_0462,James Martinez,FR,Approved,Corporate,2020-02-13,Low,Y
CUST_0463,Elizabeth Miller,FR,Approved,SME,2020-08-29,Medium,Y
CUST_0464,Patricia Smith,HK,Approved,Corporate,2024-04-01,Low,Y
CUST_0465,Michael Davis,XX,Rejected,Retail,2023-05-31,Medium,N
CUST_0466,John Garcia,CH,Rejected,Corporate,2024-10-26,Medium,Y
CUST_0467,Patricia Johnson,FR,Approved,Retail,2022-01-14,Low,N
CUST_0468,Michael Brown,GB,Approved,SME,2023-11-14,Low,Y
CUST_0469,Robert Brown,FR,Approved,Corporate,2022-04-17,High,Y
CUST_0470,William Martinez,GB,Approved,Retail,2021-05-23,High,N
CUST_0471,Michael Davis,GB,Approved,Corporate,2025-05-22,High,Y
CUST_0472,Mary Jones,BR,Approved,Retail,2023-03-17,Medium,N
CUST_0473,James Davis,CA,Pending,Corporate,2021-02-23,Medium,Y
CUST_0474,Barbara Williams,DE,Approved,Corporate,2024-06-16,Low,N
CUST_0475,Robert Rodriguez,AU,,Retail,2024-01-11,Medium,N
CUST_0476,David Hernandez,HK,Approved,Retail,2021-05-27,Low,Y
CUST_0477,Jennifer Williams,FR,Rejected,Retail,2024-09-11,Low,Y
CUST_0478,Robert Johnson,BR,Approved,Corporate,2024-12-05,High,Y
CUST_0479,Linda Smith,CA,Rejected,Retail,2024-03-05,High,Y
CUST_0480,Jennifer Williams,XX,Rejected,Retail,2020-10-19,Medium,Y
CUST_0481,Robert Davis,FR,Pending,Corporate,2020-09-03,Medium,N
CUST_0482,Robert Hernandez,GB,Approved,Retail,2020-09-24,High,Y
CUST_0483,Linda Garcia,BR,Rejected,SME,2023-07-30,Medium,Y
CUST_0484,James Rodriguez,MX,Approved,Corporate,2021-07-21,High,N
CUST_0485,James Garcia,AU,Approved,Retail,2020-05-13,Low,Y
CUST_0486,Patricia Miller,AU,Approved,SME,2023-04-05,Medium,N
CUST_0487,Linda Hernandez,US,Approved,SME,2023-04-20,Low,Y
CUST_0488,John Rodriguez,JP,Pending,Corporate,2022-07-31,Medium,Y
CUST_0489,Jennifer Williams,CA,Approved,SME,2021-09-15,Low,Y
CUST_0490,William Martinez,HK,Approved,SME,2024-08-12,Medium,Y
CUST_0491,Robert Rodriguez,MX,Pending,Corporate,2023-08-14,Low,Y
CUST_0492,Barbara Miller,FR,Approved,SME,2020-02-06,Medium,Y
CUST_0493,Elizabeth Smith,MX,Pending,Retail,2023-04-01,High,N
CUST_0494,Barbara Johnson,GB,Approved,Corporate,2025-05-14,Medium,N
CUST_0495,Elizabeth Rodriguez,XX,Approved,SME,2025-01-30,Low,Y
CUST_0496,Linda Jones,CH,Rejected,Retail,2023-11-25,Medium,Y
CUST_0497,Mary Williams,DE,Approved,Retail,2024-11-24,High,N
CUST_0498,James Hernandez,BR,Pending,Retail,2022-05-13,High,Y
CUST_0499,Elizabeth Hernandez,CA,Approved,Retail,2021-05-23,Medium,N
CUST_0500,James Garcia,SG,,Retail,2022-09-18,Low,Y
CUST_0501,Michael Davis,GB,Approved,Corporate,2023-05-02,Low,N
CUST_0502,Linda Garcia,FR,Approved,Corporate,2022-08-17,Low,Y
CUST_0503,David Martinez,JP,Pending,Retail,2023-02-14,Low,Y
CUST_0504,Michael Hernandez,FR,Rejected,Corporate,2024-09-13,Low,N
CUST_0505,Barbara Williams,MX,Approved,Retail,2025-01-23,Low,Y
CUST_0506,James Hernandez,DE,Approved,Retail,2024-09-25,Low,N
CUST_0507,John Jones,MX,Approved,SME,2020-07-15,Low,Y
CUST_0508,Michael Williams,GB,Approved,Retail,2021-11-04,Low,Y
CUST_0509,Mary Garcia,US,Rejected,Retail,2020-07-03,Low,Y
CUST_0510,David Davis,XX,Rejected,Corporate,2020-11-26,High,Y
CUST_0511,David Smith,DE,Approved,Retail,2023-07-14,Low,Y
CUST_0512,John Jones,MX,Rejected,Corporate,2024-12-26,Low,Y
CUST_0513,Patricia Rodriguez,MX,Pending,Retail,2022-03-25,Low,Y
CUST_0514,David Jones,FR,Approved,SME,2023-02-24,High,N
CUST_0515,Michael Garcia,JP,Pending,Retail,2021-07-10,Low,N
CUST_0516,Linda Hernandez,HK,Approved,Retail,2024-11-25,Low,Y
CUST_0517,William Jones,MX,Pending,Retail,2020-10-07,Medium,Y
CUST_0518,Mary Jones,AU,Pending,SME,2023-03-11,Low,Y
CUST_0519,Jennifer Davis,GB,Approved,Retail,2023-07-09,Medium,Y
CUST_0520,William Johnson,FR,Approved,Retail,2024-02-28,Low,Y
CUST_0521,Michael Hernandez,AU,Rejected,Corporate,2025-06-04,Medium,Y
CUST_0522,James Garcia,BR,Approved,Corporate,2025-04-06,Medium,Y
CUST_0523,Michael Jones,US,Pending,Corporate,2021-06-30,Low,Y
CUST_0524,Jennifer Smith,CA,Approved,Retail,2022-10-13,High,Y
CUST_0525,James Johnson,XX,,Corporate,2022-06-03,High,Y
CUST_0526,Mary Davis,BR,Approved,Retail,2023-11-22,Medium,Y
CUST_0527,Michael Johnson,JP,Pending,Retail,2022-06-19,Medium,Y
CUST_0528,Michael Miller,HK,Pending,Retail,2023-06-19,Medium,Y
CUST_0529,Elizabeth Garcia,BR,Rejected,Retail,2021-01-19,Medium,Y
CUST_0530,Patricia Smith,HK,Approved,SME,2023-01-22,Medium,Y
CUST_0531,John Smith,US,Approved,SME,2025-05-03,Medium,Y
CUST_0532,Michael Brown,DE,Rejected,Corporate,2024-05-02,Low,Y
CUST_0533,James Smith,GB,Approved,SME,2021-02-19,High,Y
CUST_0534,Jennifer Martinez,MX,Rejected,SME,2024-04-30,Medium,Y
CUST_0535,Jennifer Martinez,FR,Pending,SME,2020-11-01,Low,N
CUST_0536,Robert Garcia,AU,Pending,Retail,2020-03-18,High,N
CUST_0537,David Williams,MX,Approved,SME,2020-04-08,Medium,Y
CUST_0538,Mary Williams,CA,Approved,Retail,2021-12-04,Low,N
CUST_0539,William Smith,BR,Pending,SME,2023-01-05,Low,Y
CUST_0540,David Johnson,XX,Pending,Retail,2021-02-06,Medium,Y
CUST_0541,Jennifer Jones,DE,Pending,Retail,2020-03-30,Low,Y
CUST_0542,John Hernandez,SG,Pending,SME,2021-12-04,Low,N
CUST_0543,Patricia Williams,US,Rejected,Retail,2023-01-13,Low,Y
CUST_0544,Linda Smith,JP,Pending,Retail,2025-03-04,Medium,N
CUST_0545,Linda Johnson,FR,Pending,Corporate,2025-02-06,Low,Y
CUST_0546,Mary Jones,US,Approved,Retail,2022-02-12,Low,Y
CUST_0547,Robert Martinez,DE,Approved,Corporate,2021-03-23,Medium,Y
CUST_0548,Barbara Hernandez,US,Approved,Retail,2024-08-13,Low,Y
CUST_0549,Barbara Garcia,FR,Approved,Corporate,2024-08-23,Low,Y
CUST_0550,Barbara Hernandez,MX,,Retail,2024-08-08,High,Y
CUST_0551,Linda Hernandez,AU,Pending,SME,2022-11-03,Medium,Y
CUST_0552,Linda Jones,BR,Approved,Retail,2020-02-12,Low,Y
CUST_0553,Robert Jones,DE,Approved,Retail,2020-04-14,Medium,Y
CUST_0554,James Johnson,HK,Approved,Retail,2024-07-10,Low,N
CUST_0555,Mary Rodriguez,XX,Rejected,Corporate,2021-11-22,Low,N
CUST_0556,David Johnson,JP,Approved,Corporate,2021-08-12,Low,Y
CUST_0557,Patricia Miller,US,Approved,Retail,2022-10-19,Low,N
CUST_0558,Barbara Brown,CA,Approved,Retail,2020-05-16,Low,Y
CUST_0559,Michael Johnson,HK,Approved,Corporate,2022-07-05,Low,N
CUST_0560,William Garcia,DE,Approved,Retail,2021-08-30,Low,N
CUST_0561,Elizabeth Davis,BR,Rejected,Retail,2024-06-30,Low,Y
CUST_0562,Robert Johnson,AU,Approved,Corporate,2024-06-06,High,N
CUST_0563,Mary Miller,BR,Approved,SME,2020-12-09,Low,Y
CUST_0564,William Garcia,GB,Pending,Retail,2024-04-22,Low,Y
CUST_0565,Jennifer Hernandez,SG,Approved,Corporate,2025-05-12,High,N
CUST_0566,Linda Davis,HK,Approved,Retail,2024-06-28,Medium,N
CUST_0567,David Garcia,JP,Approved,SME,2025-01-21,High,Y
CUST_0568,Patricia Davis,DE,Rejected,Corporate,2022-08-19,Low,Y
CUST_0569,Jennifer Smith,FR,Rejected,SME,2020-01-25,Low,N
CUST_0570,Mary Hernandez,XX,Rejected,Retail,2020-10-17,Medium,N
CUST_0571,William Garcia,FR,Approved,Retail,2020-02-17,High,Y
CUST_0572,Patricia Martinez,MX,Rejected,Retail,2022-04-03,Low,Y
CUST_0573,Linda Williams,FR,Pending,Retail,2022-02-02,High,N
CUST_0574,Robert Brown,JP,Rejected,Retail,2024-04-21,Low,Y
CUST_0575,Jennifer Brown,US,,Retail,2022-04-18,Low,Y
CUST_0576,Robert Davis,MX,Pending,Retail,2023-10-24,Medium,Y
CUST_0577,Patricia Garcia,DE,Approved,Retail,2021-07-03,Medium,Y
CUST_0578,Robert Johnson,US,Approved,SME,2024-06-08,Low,Y
CUST_0579,John Davis,SG,Pending,Retail,2021-04-24,Low,Y
CUST_0580,John Williams,CA,Approved,Retail,2024-03-19,High,Y
CUST_0581,David Miller,CA,Approved,Retail,2021-03-16,High,Y
CUST_0582,Patricia Miller,SG,Approved,SME,2024-05-31,Low,N
CUST_0583,John Davis,US,Approved,Corporate,2024-10-30,Low,Y
CUST_0584,James Davis,US,Pending,Corporate,2024-01-06,Medium,Y
CUST_0585,David Miller,XX,Approved,SME,2023-03-10,Medium,Y
CUST_0586,Robert Miller,JP,Approved,Retail,2022-12-09,Low,Y
CUST_0587,Linda Hernandez,HK,Approved,Retail,2021-06-22,High,N
CUST_0588,Jennifer Martinez,GB,Approved,Retail,2021-03-20,High,N
CUST_0589,Elizabeth Miller,MX,Approved,Retail,2023-04-11,Low,N
CUST_0590,James Hernandez,HK,Approved,Retail,2023-06-19,High,Y
CUST_0591,Elizabeth Rodriguez,GB,Approved,Corporate,2023-04-09,Low,Y
CUST_0592,John Garcia,BR,Rejected,Retail,2021-10-17,Low,N
CUST_0593,Patricia Williams,BR,Rejected,Corporate,2021-10-03,High,N
CUST_0594,Jennifer Martinez,AU,Pending,Corporate,2025-04-16,High,N
CUST_0595,Mary Hernandez,FR,Approved,SME,2024-03-11,Low,Y
CUST_0596,James Johnson,BR,Approved,Retail,2022-03-29,Low,Y
CUST_0597,David Johnson,BR,Approved,Corporate,2023-11-06,High,N
CUST_0598,David Jones,CA,Approved,Corporate,2022-08-14,High,Y
CUST_0599,Michael Smith,SG,Approved,Retail,2022-03-30,Medium,N
CUST_0600,Barbara Williams,XX,,Corporate,2023-04-07,Low,Y
CUST_0601,Mary Jones,MX,Rejected,SME,2025-01-25,Low,N
CUST_0602,John Miller,DE,Pending,Retail,2020-03-05,Medium,N
CUST_0603,Jennifer Garcia,HK,Pending,Retail,2022-09-03,Low,Y
CUST_0604,Linda Williams,MX,Approved,Retail,2024-06-14,High,Y
CUST_0605,James Smith,DE,Approved,Retail,2023-01-24,Medium,Y
CUST_0606,Linda Brown,CH,Rejected,Retail,2024-09-16,Low,Y
CUST_0607,James Davis,HK,Approved,Retail,2024-04-09,High,Y
CUST_0608,Mary Brown,GB,Approved,Corporate,2021-02-09,Low,Y
CUST_0609,Jennifer Hernandez,SG,Approved,Retail,2023-12-13,Low,Y
CUST_0610,Mary Rodriguez,CH,Approved,Corporate,2024-04-23,Low,Y
CUST_0611,Jennifer Hernandez,AU,Approved,Retail,2020-12-05,Low,N
CUST_0612,William Williams,CH,Rejected,Retail,2020-11-10,High,N
CUST_0613,Barbara Martinez,GB,Approved,Corporate,2022-07-02,Low,Y
CUST_0614,Jennifer Johnson,MX,Pending,Retail,2024-01-08,Medium,N
CUST_0615,Elizabeth Johnson,XX,Pending,Retail,2025-02-26,Low,N
CUST_0616,Barbara Rodriguez,SG,Approved,Retail,2021-12-12,Low,Y
CUST_0617,Mary Johnson,CA,Approved,Corporate,2020-10-21,Low,Y
CUST_0618,Patricia Rodriguez,CH,Approved,Retail,2022-07-23,Medium,Y
CUST_0619,John Brown,FR,Approved,Corporate,2024-07-01,Low,Y
CUST_0620,Patricia Davis,FR,Approved,Retail,2024-01-31,High,Y
CUST_0621,Barbara Davis,GB,Approved,Retail,2023-09-01,Medium,Y
CUST_0622,James Martinez,SG,Approved,Retail,2023-08-31,Medium,Y
CUST_0623,Michael Martinez,FR,Approved,Retail,2021-05-31,High,Y
CUST_0624,Michael Rodriguez,AU,Approved,Corporate,2020-04-06,Low,Y
CUST_0625,Michael Rodriguez,MX,,Corporate,2021-11-30,Low,Y
CUST_0626,Elizabeth Smith,CH,Pending,SME,2020-05-09,High,Y
CUST_0627,James Hernandez,DE,Rejected,Retail,2021-04-17,Low,N
CUST_0628,Patricia Johnson,BR,Approved,Retail,2023-02-19,Medium,Y
CUST_0629,Michael Miller,SG,Approved,Retail,2023-07-18,Medium,N
CUST_0630,Robert Martinez,XX,Approved,Retail,2021-03-16,Low,Y
CUST_0631,Jennifer Jones,US,Approved,Retail,2021-12-26,High,Y
CUST_0632,Linda Davis,BR,Rejected,Retail,2020-08-17,Low,Y
CUST_0633,Robert Williams,BR,Approved,SME,2024-02-25,Low,Y
CUST_0634,Mary Garcia,SG,Pending,SME,2021-12-21,Low,N
CUST_0635,Barbara Williams,BR,Approved,Corporate,2021-01-24,High,Y
CUST_0636,Barbara Davis,MX,Pending,Corporate,2022-10-05,Low,N
CUST_0637,David Martinez,CH,Approved,Corporate,2022-02-01,Low,Y
CUST_0638,James Martinez,FR,Pending,Retail,2022-02-20,Low,N
CUST_0639,Mary Smith,US,Rejected,SME,2021-08-16,Medium,Y
CUST_0640,Mary Garcia,AU,Pending,SME,2022-03-22,Low,Y
CUST_0641,David Garcia,MX,Rejected,Retail,2023-08-17,Low,Y
CUST_0642,Linda Miller,GB,Approved,SME,2024-04-03,High,Y
CUST_0643,Patricia Rodriguez,AU,Approved,Retail,2022-02-19,Low,Y
CUST_0644,Barbara Brown,MX,Approved,Corporate,2023-06-29,Low,Y
CUST_0645,William Martinez,XX,Rejected,Corporate,2024-08-23,Low,Y
CUST_0646,Barbara Rodriguez,AU,Pending,Corporate,2023-10-11,Medium,Y
CUST_0647,Patricia Davis,CA,Approved,SME,2024-03-21,Low,Y
CUST_0648,Linda Garcia,GB,Approved,Retail,2021-06-29,High,N
CUST_0649,Michael Brown,US,Approved,Retail,2021-10-18,High,Y
CUST_0650,James Brown,CH,,SME,2022-01-31,Low,Y
CUST_0651,James Davis,CA,Approved,SME,2024-04-22,Low,Y
CUST_0652,Linda Johnson,GB,Approved,Retail,2021-08-11,High,Y
CUST_0653,Barbara Davis,AU,Pending,Retail,2020-09-25,Low,Y
CUST_0654,Robert Rodriguez,DE,Approved,Retail,2021-09-29,Medium,Y
CUST_0655,Elizabeth Davis,AU,Pending,Retail,2024-06-08,Low,Y
CUST_0656,Patricia Jones,US,Approved,Corporate,2021-02-21,Medium,Y
CUST_0657,Robert Martinez,FR,Approved,Corporate,2024-01-27,Medium,N
CUST_0658,Jennifer Garcia,DE,Rejected,Retail,2020-10-12,Low,Y
CUST_0659,Jennifer Rodriguez,JP,Rejected,Retail,2023-05-10,Low,N
CUST_0660,Jennifer Garcia,XX,Approved,Retail,2025-01-07,Low,Y
CUST_0661,Barbara Martinez,MX,Pending,Retail,2024-01-04,Low,Y
CUST_0662,Patricia Williams,AU,Approved,Corporate,2022-11-27,Medium,N
CUST_0663,James Williams,CH,Approved,Corporate,2023-02-24,Low,Y
CUST_0664,James Brown,HK,Approved,Corporate,2022-12-31,Medium,N
CUST_0665,Jennifer Smith,BR,Approved,Corporate,2022-06-07,Medium,Y
CUST_0666,Robert Williams,MX,Approved,SME,2021-06-08,Low,N
CUST_0667,James Brown,CH,Rejected,Corporate,2020-05-27,Low,N
CUST_0668,James Johnson,SG,Rejected,Retail,2024-06-14,Low,Y
CUST_0669,Barbara Williams,JP,Approved,SME,2025-02-12,Low,N
CUST_0670,Elizabeth Martinez,GB,Pending,Retail,2020-04-07,High,Y
CUST_0671,John Davis,GB,Approved,SME,2023-05-01,Low,Y
CUST_0672,Barbara Smith,GB,Approved,Retail,2021-05-28,High,Y
CUST_0673,John Martinez,BR,Rejected,Corporate,2021-03-13,Medium,Y
CUST_0674,Elizabeth Hernandez,BR,Approved,SME,2023-06-22,Medium,Y
CUST_0675,Barbara Hernandez,XX,,Corporate,2022-06-27,High,Y
CUST_0676,William Martinez,MX,Approved,SME,2024-02-20,High,Y
CUST_0677,Patricia Brown,FR,Approved,Retail,2020-02-29,High,Y
CUST_0678,Patricia Williams,JP,Pending,Retail,2024-10-07,High,Y
CUST_0679,Patricia Brown,MX,Approved,Retail,2023-04-29,Medium,N
CUST_0680,David Jones,HK,Approved,Retail,2025-04-19,Medium,Y
CUST_0681,Elizabeth Rodriguez,CH,Pending,SME,2020-05-07,High,Y
CUST_0682,Linda Davis,JP,Approved,Corporate,2023-04-21,Low,Y
CUST_0683,David Williams,JP,Rejected,Retail,2024-02-13,Low,Y
CUST_0684,James Brown,CH,Pending,Corporate,2024-07-17,Low,Y
CUST_0685,William Brown,CH,Approved,SME,2021-09-16,Low,N
CUST_0686,Jennifer Hernandez,DE,Approved,Corporate,2023-06-21,Medium,Y
CUST_0687,Michael Johnson,GB,Approved,Corporate,2020-01-18,Medium,Y
CUST_0688,Robert Jones,SG,Approved,Retail,2021-04-11,High,Y
CUST_0689,William Johnson,HK,Rejected,Retail,2021-01-09,Low,N
CUST_0690,John Williams,XX,Pending,SME,2024-12-18,High,Y
CUST_0691,Mary Garcia,JP,Approved,SME,2022-08-03,High,Y
CUST_0692,Jennifer Williams,BR,Approved,Retail,2024-05-07,Medium,Y
CUST_0693,Barbara Williams,DE,Rejected,Retail,2023-07-24,High,Y
CUST_0694,Robert Smith,CH,Rejected,Retail,2022-08-06,Low,N
CUST_0695,Michael Garcia,BR,Pending,Retail,2021-12-04,Medium,Y
CUST_0696,Michael Davis,GB,Approved,SME,2023-10-23,Low,Y
CUST_0697,David Garcia,CH,Pending,Retail,2024-09-30,High,Y
CUST_0698,Robert Jones,MX,Pending,SME,2023-01-29,Low,Y
CUST_0699,Linda Brown,GB,Pending,Retail,2021-03-12,Medium,Y
CUST_0700,Elizabeth Johnson,BR,,Retail,2022-08-05,Medium,Y
CUST_0701,Michael Hernandez,CA,Approved,Retail,2022-09-29,Low,Y
CUST_0702,William Brown,CA,Rejected,SME,2024-01-29,Low,Y
CUST_0703,Mary Smith,BR,Rejected,Retail,2023-10-16,Medium,N
CUST_0704,Linda Jones,BR,Approved,Retail,2021-04-20,Medium,Y
CUST_0705,John Jones,XX,Rejected,SME,2024-08-01,Low,Y
CUST_0706,David Davis,DE,Pending,Retail,2023-10-08,Low,N
CUST_0707,Michael Jones,DE,Approved,Retail,2022-12-16,Low,Y
CUST_0708,Patricia Rodriguez,CH,Approved,Corporate,2022-12-23,Low,Y
CUST_0709,William Smith,DE,Pending,SME,2021-05-07,Low,Y
CUST_0710,John Rodriguez,CH,Approved,Retail,2024-11-16,Medium,Y
CUST_0711,Patricia Miller,US,Pending,SME,2021-12-27,High,Y
CUST_0712,Linda Miller,US,Approved,SME,2025-01-21,Low,Y
CUST_0713,Mary Garcia,HK,Approved,Corporate,2025-01-04,Medium,Y
CUST_0714,Patricia Davis,DE,Approved,Corporate,2022-08-02,Low,Y
CUST_0715,James Smith,DE,Approved,SME,2023-12-28,Low,Y
CUST_0716,Patricia Davis,BR,Approved,Retail,2020-07-26,Medium,Y
CUST_0717,Jennifer Martinez,JP,Approved,Retail,2020-04-21,High,N
CUST_0718,Barbara Davis,SG,Approved,Corporate,2023-07-16,Low,Y
CUST_0719,Patricia Brown,FR,Pending,Retail,2021-07-20,Low,Y
CUST_0720,Robert Davis,XX,Rejected,Retail,2023-02-20,Low,Y
CUST_0721,John Martinez,GB,Approved,SME,2021-04-13,Low,Y
CUST_0722,Michael Jones,JP,Rejected,Retail,2024-11-26,Low,N
CUST_0723,John Williams,US,Approved,Retail,2022-11-08,Medium,Y
CUST_0724,Elizabeth Brown,CA,Approved,Retail,2023-06-22,Low,Y
CUST_0725,Michael Rodriguez,BR,,Corporate,2022-03-24,Low,Y
CUST_0726,Robert Martinez,CH,Approved,Retail,2023-05-26,Low,Y
CUST_0727,John Martinez,GB,Approved,Retail,2023-10-12,Medium,N
CUST_0728,Barbara Jones,JP,Approved,Retail,2022-05-01,High,Y
CUST_0729,Elizabeth Johnson,SG,Rejected,Retail,2020-02-02,Medium,Y
CUST_0730,Mary Jones,CA,Approved,Retail,2023-01-28,High,Y
CUST_0731,William Johnson,US,Approved,Retail,2021-05-13,Medium,Y
CUST_0732,Elizabeth Miller,BR,Rejected,Retail,2024-08-30,High,Y
CUST_0733,David Miller,MX,Approved,Retail,2024-03-23,Medium,Y
CUST_0734,John Martinez,US,Approved,SME,2025-03-13,Low,Y
CUST_0735,Patricia Brown,XX,Rejected,SME,2020-01-09,Low,N
CUST_0736,Linda Smith,FR,Pending,Retail,2023-01-25,Low,Y
CUST_0737,Jennifer Hernandez,DE,Approved,Retail,2021-05-23,Low,Y
CUST_0738,Barbara Rodriguez,FR,Approved,Retail,2025-02-09,High,Y
CUST_0739,Barbara Williams,US,Approved,Retail,2020-01-28,High,Y
CUST_0740,John Martinez,SG,Approved,SME,2023-10-28,Medium,Y
CUST_0741,Robert Davis,JP,Approved,SME,2022-12-06,Low,Y
CUST_0742,Patricia Jones,JP,Approved,Retail,2020-10-15,Medium,Y
CUST_0743,Michael Garcia,SG,Pending,Retail,2025-05-29,Medium,N
CUST_0744,David Rodriguez,FR,Pending,Corporate,2021-01-07,Low,Y
CUST_0745,James Hernandez,GB,Approved,Corporate,2024-04-04,Medium,Y
CUST_0746,James Williams,BR,Approved,SME,2021-10-21,High,Y
CUST_0747,Linda Hernandez,HK,Pending,Retail,2024-07-17,Low,Y
CUST_0748,Patricia Smith,DE,Rejected,Retail,2021-05-31,High,N
CUST_0749,William Martinez,FR,Approved,SME,2021-08-14,High,Y
CUST_0750,John Jones,XX,,SME,2024-11-25,High,Y
CUST_0751,David Johnson,SG,Pending,SME,2023-05-25,High,Y
CUST_0752,Michael Miller,JP,Pending,Retail,2023-11-10,Low,N
CUST_0753,Linda Smith,MX,Rejected,SME,2025-06-18,Medium,Y
CUST_0754,Jennifer Williams,AU,Approved,Corporate,2021-11-17,Low,Y
CUST_0755,Linda Smith,US,Approved,SME,2021-11-04,Medium,N
CUST_0756,Michael Williams,HK,Approved,SME,2020-12-24,Low,Y
CUST_0757,James Williams,DE,Approved,Retail,2021-01-01,Low,N
CUST_0758,Mary Davis,JP,Approved,Retail,2021-01-19,High,Y
CUST_0759,Elizabeth Davis,FR,Approved,Retail,2024-06-19,High,Y
CUST_0760,Michael Rodriguez,GB,Rejected,Retail,2024-05-02,Low,N
CUST_0761,Jennifer Rodriguez,MX,Rejected,Corporate,2021-03-28,Medium,Y
CUST_0762,Robert Hernandez,DE,Approved,Retail,2024-10-06,Medium,N
CUST_0763,Elizabeth Miller,SG,Approved,Corporate,2021-06-11,Medium,N
CUST_0764,Mary Jones,MX,Pending,Retail,2020-11-01,Low,Y
CUST_0765,Linda Smith,XX,Pending,Retail,2020-05-16,High,Y
CUST_0766,Robert Johnson,SG,Approved,Retail,2025-05-07,Low,Y
CUST_0767,David Davis,CA,Approved,Retail,2023-07-18,Medium,Y
CUST_0768,David Williams,CA,Rejected,Retail,2021-08-06,High,Y
CUST_0769,Jennifer Davis,CH,Approved,SME,2020-12-02,Low,Y
CUST_0770,Patricia Rodriguez,GB,Approved,Corporate,2025-05-13,Medium,Y
CUST_0771,Michael Jones,BR,Approved,Retail,2024-12-09,Low,Y
CUST_0772,David Martinez,GB,Approved,Retail,2024-03-01,Low,N
CUST_0773,Robert Hernandez,AU,Rejected,SME,2020-10-04,Medium,Y
CUST_0774,William Jones,CH,Approved,Retail,2022-01-19,High,Y
CUST_0775,James Martinez,DE,,SME,2021-03-01,Low,N
CUST_0776,William Martinez,SG,Approved,Corporate,2023-05-23,Low,Y
CUST_0777,William Miller,JP,Approved,Corporate,2020-11-12,Low,N
CUST_0778,Linda Davis,HK,Approved,Retail,2023-05-29,Low,Y
CUST_0779,William Garcia,BR,Pending,Corporate,2022-02-16,High,Y
CUST_0780,John Johnson,XX,Approved,Corporate,2024-01-29,Medium,Y
CUST_0781,Jennifer Brown,US,Approved,Retail,2021-12-09,High,Y
CUST_0782,Robert Johnson,US,Approved,Corporate,2025-04-02,Low,Y
CUST_0783,Elizabeth Johnson,US,Pending,Retail,2024-06-16,Low,Y
CUST_0784,Barbara Miller,AU,Approved,Corporate,2024-11-11,High,Y
CUST_0785,William Jones,CH,Pending,Retail,2022-02-02,High,Y
CUST_0786,Patricia Garcia,HK,Approved,Corporate,2022-10-31,Medium,N
CUST_0787,Jennifer Johnson,AU,Approved,Corporate,2025-05-05,High,Y
CUST_0788,Michael Davis,AU,Approved,SME,2022-05-18,High,Y
CUST_0789,Elizabeth Johnson,MX,Pending,Corporate,2024-10-25,Low,Y
CUST_0790,Barbara Garcia,HK,Approved,Retail,2021-10-13,High,Y
CUST_0791,Linda Jones,GB,Pending,SME,2020-07-07,Medium,N
CUST_0792,James Jones,HK,Pending,SME,2020-06-16,Low,N
CUST_0793,Barbara Martinez,GB,Approved,Retail,2020-08-05,Low,N
CUST_0794,Jennifer Davis,US,Approved,SME,2021-07-28,Low,Y
CUST_0795,William Brown,XX,Rejected,Retail,2024-10-06,Low,Y
CUST_0796,Linda Smith,FR,Approved,Retail,2023-09-26,Low,Y
CUST_0797,Michael Miller,US,Approved,Corporate,2024-10-15,Low,N
CUST_0798,David Jones,JP,Approved,Retail,2023-09-03,Low,Y
CUST_0799,William Hernandez,SG,Rejected,Retail,2023-04-04,High,Y
CUST_0800,David Johnson,SG,,Retail,2024-04-21,Medium,Y
CUST_0801,Robert Williams,CH,Pending,Retail,2024-02-06,Low,Y
CUST_0802,James Brown,DE,Pending,SME,2021-11-29,High,Y
CUST_0803,Mary Hernandez,US,Pending,Corporate,2020-12-22,Low,Y
CUST_0804,James Johnson,FR,Approved,Retail,2025-02-15,Low,Y
CUST_0805,Patricia Hernandez,SG,Approved,SME,2021-03-07,Low,Y
CUST_0806,Jennifer Smith,GB,Approved,Retail,2021-01-25,High,Y
CUST_0807,Robert Johnson,JP,Pending,Retail,2022-09-03,High,Y
CUST_0808,Linda Davis,US,Pending,SME,2024-08-18,Low,Y
CUST_0809,David Miller,GB,Pending,SME,2021-07-11,High,Y
CUST_0810,Jennifer Johnson,XX,Approved,SME,2022-02-23,Medium,Y
CUST_0811,Barbara Williams,CH,Approved,Corporate,2024-05-18,Low,N
CUST_0812,Linda Garcia,CH,Approved,SME,2022-03-01,Low,Y
CUST_0813,Linda Miller,AU,Approved,Retail,2022-02-17,High,Y
CUST_0814,Barbara Miller,HK,Approved,SME,2023-08-21,High,Y
CUST_0815,Barbara Davis,DE,Approved,Retail,2020-06-23,High,Y
CUST_0816,Elizabeth Johnson,JP,Approved,Corporate,2023-02-05,Medium,Y
CUST_0817,John Brown,BR,Rejected,Corporate,2020-08-07,Low,Y
CUST_0818,Mary Miller,JP,Approved,Retail,2022-03-04,Low,Y
CUST_0819,Barbara Rodriguez,CA,Pending,Retail,2020-10-21,Low,Y
CUST_0820,John Miller,FR,Approved,Corporate,2024-09-09,Low,Y
CUST_0821,Mary Jones,GB,Approved,Corporate,2024-09-02,Medium,Y
CUST_0822,Jennifer Rodriguez,AU,Approved,Corporate,2021-02-01,Low,N
CUST_0823,John Williams,JP,Approved,SME,2024-03-13,Medium,Y
CUST_0824,David Johnson,US,Approved,Retail,2022-06-21,Medium,N
CUST_0825,Barbara Rodriguez,XX,,Retail,2024-02-15,Low,Y
CUST_0826,Patricia Hernandez,MX,Rejected,Retail,2025-04-11,Low,Y
CUST_0827,Michael Garcia,MX,Approved,Corporate,2024-07-09,High,N
CUST_0828,Barbara Miller,US,Approved,SME,2021-06-29,High,Y
CUST_0829,John Miller,CA,Pending,Retail,2024-04-21,Low,N
CUST_0830,James Garcia,AU,Approved,Corporate,2021-04-29,Low,Y
CUST_0831,William Miller,CA,Approved,SME,2021-05-04,Medium,Y
CUST_0832,James Miller,AU,Approved,Retail,2024-03-26,High,N
CUST_0833,Michael Johnson,DE,Approved,Corporate,2025-06-20,Low,Y
CUST_0834,William Rodriguez,CH,Approved,SME,2023-11-27,High,Y
CUST_0835,Barbara Smith,MX,Pending,SME,2023-02-16,Medium,Y
CUST_0836,William Davis,SG,Approved,SME,2022-03-06,Medium,Y
CUST_0837,Elizabeth Miller,MX,Approved,Retail,2024-06-11,Low,Y
CUST_0838,Michael Miller,CH,Approved,Retail,2024-02-14,High,Y
CUST_0839,David Davis,CH,Pending,SME,2022-07-16,Medium,Y
CUST_0840,Mary Garcia,XX,Approved,Retail,2025-01-03,Low,Y
CUST_0841,Linda Jones,GB,Approved,Retail,2023-09-03,Low,Y
CUST_0842,Barbara Rodriguez,JP,Approved,Corporate,2022-02-18,Low,Y
CUST_0843,Patricia Williams,BR,Approved,Retail,2021-02-11,Medium,N
CUST_0844,James Brown,CH,Approved,Corporate,2021-07-17,Low,Y
CUST_0845,John Johnson,US,Rejected,SME,2022-04-17,Low,Y
CUST_0846,Robert Martinez,FR,Approved,Corporate,2021-06-23,High,Y
CUST_0847,Robert Garcia,BR,Rejected,Retail,2023-08-13,Low,N
CUST_0848,John Brown,AU,Approved,Retail,2021-07-30,High,Y
CUST_0849,John Davis,BR,Approved,Retail,2023-05-02,High,N
CUST_0850,Mary Williams,CA,,Corporate,2025-02-09,Low,Y
CUST_0851,Patricia Martinez,US,Pending,SME,2025-05-07,High,Y
CUST_0852,Mary Miller,JP,Approved,Corporate,2021-08-15,Low,N
CUST_0853,Patricia Johnson,CA,Approved,Retail,2022-07-01,High,Y
CUST_0854,William Hernandez,SG,Approved,Retail,2025-02-11,Low,Y
CUST_0855,Michael Martinez,XX,Pending,Retail,2022-11-19,High,Y
CUST_0856,Jennifer Williams,FR,Approved,Retail,2021-01-31,Low,Y
CUST_0857,Elizabeth Garcia,GB,Approved,Corporate,2022-05-30,Medium,Y
CUST_0858,Mary Smith,AU,Approved,Retail,2023-05-08,Medium,Y
CUST_0859,John Williams,FR,Rejected,Retail,2024-08-11,Low,N
CUST_0860,David Brown,HK,Pending,SME,2023-08-12,High,Y
CUST_0861,James Smith,AU,Pending,SME,2024-06-22,Low,N
CUST_0862,Mary Johnson,BR,Pending,Retail,2020-11-07,High,Y
CUST_0863,Jennifer Johnson,SG,Approved,SME,2021-08-17,Medium,Y
CUST_0864,Patricia Jones,DE,Approved,Retail,2020-07-18,Low,Y
CUST_0865,John Johnson,CH,Approved,Retail,2025-05-30,High,N
CUST_0866,David Brown,SG,Approved,SME,2021-06-23,Medium,Y
CUST_0867,Patricia Martinez,GB,Approved,Retail,2021-02-16,High,Y
CUST_0868,Michael Johnson,AU,Approved,Retail,2023-01-08,Low,Y
CUST_0869,Jennifer Hernandez,CH,Pending,Retail,2022-05-09,High,Y
CUST_0870,Elizabeth Brown,XX,Approved,Retail,2020-03-26,Medium,Y
CUST_0871,Linda Rodriguez,AU,Approved,SME,2022-12-16,High,N
CUST_0872,Robert Miller,HK,Rejected,Retail,2021-04-25,Low,Y
CUST_0873,Mary Smith,JP,Rejected,Retail,2022-10-20,Medium,N
CUST_0874,Mary Johnson,CH,Approved,Corporate,2024-08-27,High,Y
CUST_0875,William Williams,MX,,Retail,2023-09-14,Medium,Y
CUST_0876,Barbara Martinez,DE,Pending,Retail,2023-10-15,Low,Y
CUST_0877,Mary Davis,CH,Rejected,Retail,2020-11-06,High,Y
CUST_0878,Elizabeth Rodriguez,BR,Pending,Corporate,2020-09-07,High,N
CUST_0879,Mary Miller,CA,Approved,SME,2025-04-14,Low,Y
CUST_0880,Barbara Rodriguez,DE,Rejected,SME,2024-12-17,Low,Y
CUST_0881,Jennifer Williams,GB,Approved,Corporate,2021-09-02,High,Y
CUST_0882,Elizabeth Rodriguez,DE,Rejected,SME,2024-10-03,Low,Y
CUST_0883,Barbara Jones,AU,Approved,SME,2025-02-13,Medium,Y
CUST_0884,Jennifer Miller,HK,Approved,Corporate,2020-08-03,Medium,N
CUST_0885,Barbara Davis,XX,Approved,SME,2020-12-21,Low,Y
CUST_0886,Robert Brown,JP,Approved,Corporate,2024-02-29,Low,Y
CUST_0887,Michael Williams,US,Approved,Retail,2022-04-18,Low,Y
CUST_0888,Robert Williams,HK,Approved,Retail,2020-01-03,Medium,Y
CUST_0889,John Williams,US,Rejected,Retail,2020-02-25,Low,Y
CUST_0890,Mary Martinez,US,Approved,Corporate,2024-10-24,Low,N
CUST_0891,Barbara Miller,HK,Approved,Corporate,2020-01-23,Low,Y
CUST_0892,David Garcia,MX,Pending,Retail,2020-10-07,High,N
CUST_0893,Elizabeth Brown,GB,Approved,SME,2020-07-18,Low,Y
CUST_0894,Elizabeth Brown,SG,Approved,SME,2022-04-29,Low,Y
CUST_0895,Michael Miller,CA,Rejected,Corporate,2020-03-09,High,Y
CUST_0896,Mary Rodriguez,MX,Approved,Corporate,2023-02-05,High,Y
CUST_0897,James Martinez,FR,Approved,Retail,2021-02-03,Medium,Y
CUST_0898,Barbara Martinez,MX,Rejected,SME,2021-04-16,Low,Y
CUST_0899,Linda Davis,SG,Approved,Corporate,2022-05-11,Low,Y
CUST_0900,Jennifer Garcia,XX,,Retail,2021-02-25,Medium,Y
CUST_0901,John Garcia,DE,Approved,Retail,2020-10-25,Low,N
CUST_0902,William Martinez,AU,Approved,Retail,2025-02-15,Medium,Y
CUST_0903,Barbara Garcia,DE,Pending,Corporate,2024-12-28,Low,Y
CUST_0904,James Miller,AU,Approved,SME,2023-09-13,Low,Y
CUST_0905,Elizabeth Miller,AU,Approved,Corporate,2023-11-16,Low,Y
CUST_0906,Michael Davis,US,Pending,SME,2023-09-18,High,Y
CUST_0907,Elizabeth Miller,US,Pending,Corporate,2021-03-10,Low,Y
CUST_0908,Mary Brown,US,Rejected,Retail,2025-01-22,Low,N
CUST_0909,William Garcia,AU,Approved,Retail,2021-05-19,High,N
CUST_0910,William Garcia,US,Rejected,Corporate,2021-09-21,Low,Y
CUST_0911,Robert Miller,DE,Approved,Retail,2020-09-14,Low,Y
CUST_0912,Michael Garcia,MX,Pending,SME,2024-12-27,High,N
CUST_0913,Mary Brown,US,Pending,Retail,2024-04-17,Low,Y
CUST_0914,James Hernandez,FR,Rejected,Corporate,2025-06-15,High,N
CUST_0915,Michael Martinez,XX,Approved,SME,2024-08-25,High,Y
CUST_0916,John Johnson,BR,Approved,Corporate,2020-09-03,High,Y
CUST_0917,John Davis,CA,Approved,Retail,2023-07-03,Low,Y
CUST_0918,Robert Jones,SG,Approved,SME,2022-01-03,Medium,N
CUST_0919,Jennifer Hernandez,AU,Approved,Retail,2024-09-08,Low,Y
CUST_0920,Robert Martinez,FR,Rejected,SME,2024-04-08,Medium,N
CUST_0921,Michael Miller,MX,Approved,Retail,2020-08-29,Low,Y
CUST_0922,Elizabeth Miller,US,Rejected,Corporate,2022-09-27,Low,N
CUST_0923,Michael Hernandez,US,Rejected,SME,2020-06-26,Medium,Y
CUST_0924,James Brown,FR,Approved,Retail,2022-08-25,Low,Y
CUST_0925,James Martinez,US,,Corporate,2025-03-18,High,Y
CUST_0926,Michael Miller,CH,Rejected,Retail,2023-03-31,Medium,Y
CUST_0927,Mary Hernandez,JP,Pending,SME,2023-04-11,Low,Y
CUST_0928,William Martinez,MX,Pending,Corporate,2021-11-29,Low,Y
CUST_0929,David Hernandez,FR,Approved,Retail,2020-04-17,Medium,Y
CUST_0930,Robert Garcia,XX,Pending,Corporate,2024-12-28,Medium,Y
CUST_0931,Linda Johnson,BR,Rejected,SME,2020-12-10,High,Y
CUST_0932,Elizabeth Johnson,CH,Rejected,SME,2020-05-11,Low,Y
CUST_0933,Linda Hernandez,GB,Approved,Retail,2020-01-25,High,N
CUST_0934,Barbara Miller,DE,Pending,Retail,2020-03-16,Medium,Y
CUST_0935,Michael Brown,HK,Approved,Corporate,2024-02-29,High,N
CUST_0936,Michael Jones,CA,Rejected,SME,2024-08-31,Medium,N
CUST_0937,Linda Johnson,HK,Approved,Corporate,2020-10-18,High,Y
CUST_0938,David Garcia,AU,Approved,Corporate,2024-06-20,Low,Y
CUST_0939,David Martinez,JP,Approved,SME,2023-06-26,Low,Y
CUST_0940,Michael Rodriguez,GB,Rejected,Retail,2023-05-23,High,Y
CUST_0941,David Rodriguez,SG,Rejected,Retail,2023-10-12,Low,N
CUST_0942,Linda Smith,BR,Approved,Corporate,2020-06-17,High,Y
CUST_0943,Jennifer Johnson,MX,Approved,SME,2024-08-18,Medium,Y
CUST_0944,Patricia Brown,GB,Pending,Retail,2022-04-01,High,Y
CUST_0945,Patricia Garcia,XX,Approved,Retail,2021-10-24,Medium,Y
CUST_0946,Barbara Hernandez,SG,Rejected,Retail,2022-11-19,Low,Y
CUST_0947,Jennifer Rodriguez,MX,Approved,Corporate,2025-05-04,Low,Y
CUST_0948,Linda Williams,MX,Pending,SME,2023-02-02,Medium,Y
CUST_0949,James Hernandez,MX,Approved,Retail,2023-06-05,High,Y
CUST_0950,William Smith,MX,,Corporate,2025-04-03,Low,Y
CUST_0951,William Jones,FR,Pending,Corporate,2024-04-24,Low,Y
CUST_0952,John Brown,US,Pending,Retail,2024-09-23,Low,N
CUST_0953,Mary Hernandez,DE,Approved,SME,2021-10-25,Low,Y
CUST_0954,Robert Williams,FR,Approved,Retail,2023-10-06,High,Y
CUST_0955,John Brown,AU,Approved,Corporate,2020-05-23,High,Y
CUST_0956,Mary Hernandez,JP,Pending,Corporate,2022-01-07,Low,N
CUST_0957,Barbara Hernandez,FR,Approved,Retail,2024-07-22,Low,Y
CUST_0958,Linda Smith,FR,Approved,SME,2024-10-17,Low,Y
CUST_0959,Patricia Jones,US,Pending,SME,2022-01-25,High,N
CUST_0960,William Williams,XX,Approved,Retail,2023-12-10,Low,N
CUST_0961,Jennifer Davis,FR,Approved,SME,2023-05-25,Low,Y
CUST_0962,Robert Jones,JP,Pending,Corporate,2025-03-13,High,N
CUST_0963,Barbara Brown,FR,Pending,Corporate,2023-05-16,Low,Y
CUST_0964,Michael Davis,SG,Rejected,Retail,2023-10-01,Low,N
CUST_0965,Patricia Johnson,MX,Approved,Retail,2023-04-29,High,Y
CUST_0966,James Smith,FR,Rejected,Retail,2024-07-25,High,N
CUST_0967,Mary Jones,CH,Rejected,Retail,2022-10-02,High,N
CUST_0968,Linda Martinez,MX,Rejected,Corporate,2024-09-02,Low,Y
CUST_0969,Linda Hernandez,US,Rejected,Retail,2022-09-12,Medium,Y
CUST_0970,John Williams,GB,Approved,SME,2023-05-10,Medium,Y
CUST_0971,Mary Miller,CH,Approved,SME,2020-03-15,High,Y
CUST_0972,James Jones,AU,Rejected,Retail,2024-03-02,Low,N
CUST_0973,Michael Brown,MX,Approved,Corporate,2023-02-22,Medium,Y
CUST_0974,Barbara Smith,HK,Approved,Retail,2021-06-28,Low,N
CUST_0975,James Garcia,XX,,Retail,2020-12-28,Medium,N
CUST_0976,John Brown,MX,Pending,SME,2024-06-21,High,N
CUST_0977,John Smith,US,Approved,Corporate,2023-11-04,Medium,Y
CUST_0978,Jennifer Smith,HK,Rejected,Corporate,2024-06-27,High,N
CUST_0979,Jennifer Williams,HK,Pending,Retail,2023-02-16,Low,N
CUST_0980,Jennifer Smith,US,Rejected,Retail,2020-08-15,Medium,N
CUST_0981,Linda Davis,FR,Approved,Retail,2024-11-07,Low,Y
CUST_0982,Robert Williams,JP,Pending,Corporate,2020-01-20,High,Y
CUST_0983,Patricia Smith,AU,Pending,Retail,2024-04-18,Medium,Y
CUST_0984,Jennifer Miller,US,Pending,SME,2021-04-02,Low,Y
CUST_0985,Patricia Brown,HK,Approved,SME,2024-10-08,Low,Y
CUST_0986,Mary Rodriguez,US,Approved,Retail,2021-07-24,Low,Y
CUST_0987,Linda Martinez,FR,Approved,SME,2022-05-05,High,Y
CUST_0988,Elizabeth Rodriguez,SG,Pending,Retail,2022-11-28,Medium,Y
CUST_0989,David Rodriguez,MX,Approved,Retail,2020-06-10,Low,Y
CUST_0990,William Smith,XX,Pending,Corporate,2024-03-11,Low,Y
CUST_0991,Patricia Williams,AU,Approved,Retail,2024-02-27,High,Y
CUST_0992,William Jones,HK,Pending,SME,2021-07-04,Low,Y
CUST_0993,Jennifer Brown,MX,Approved,Retail,2023-08-24,Low,Y
CUST_0994,Jennifer Martinez,DE,Approved,Retail,2020-10-01,Low,Y
CUST_0995,Barbara Jones,US,Pending,Retail,2024-05-10,Low,Y
CUST_0996,Linda Davis,JP,Approved,Retail,2022-07-23,High,Y
CUST_0997,James Jones,AU,Approved,Retail,2021-07-30,Medium,Y
CUST_0998,Jennifer Jones,CA,Approved,SME,2020-12-13,Low,Y
CUST_0999,Mary Davis,JP,Pending,Retail,2023-11-13,Medium,Y
CUST_1000,William Miller,CA,,Retail,2023-11-14,Medium,Y
